commune,com_avg_income,min_distance,latitude,longitude
Berchem,33144,3.292420059567171,50.8649231,4.2946734
Deurne,33144,5.222487486232126,51.20849,4.4719297
Hoboken,33144,5.328646791129246,51.1794946,4.3617847
Uccle,43622,3.9643978856220787,50.8035441,4.3338445
Antwerpen,33144,0.0,51.2211097,4.3997081
Ixelles,29704,1.833934329910997,50.8331141,4.3668279
Wommelgem,41392,8.872834151278463,51.2031044,4.5238022
Boom,35052,15.04710251028195,51.0873789,4.3667216
Kortrijk,37694,40.82836636011914,50.8276429,3.2659884
Anderlecht,26481,0.0,50.8390983,4.3296526
Zeveren,42117,16.76145221677158,50.9967515,3.5031988
Zeveneken,44745,13.623091418324073,51.1078751,3.9000296
Willebroek,38600,18.06463097931639,51.0606816,4.3588917
Waregem,38756,27.654503012976015,50.8868222,3.4323622
Wilrijk,33144,5.686229838645599,51.1700864,4.3942577
Sleidinge,41865,8.992477886385783,51.1262818,3.6678135
Gent,36726,0.0,51.0538286,3.7250121
Stabroek,43170,12.596873359148239,51.3326535,4.3680664
Molenbeek-Saint-Jean,25895,0.0,50.8545959,4.338636
Koekelberg,28773,0.8328940489080054,50.8606042,4.3315503
Berchem-Sainte-Agathe,32997,3.292420059567171,50.8649231,4.2946734
Aalst,38692,22.97062281615397,50.9383226,4.0392147
Bruxelles,29704,0.0,50.8465573,4.351697
Sint-Niklaas,36702,19.187390250879403,51.1646685,4.1395124
Westende,34983,32.390415436100895,51.1594035,2.768718
Zandvoorde,33257,47.24348905888709,50.8128399,2.9809192
Houthalen,35437,45.19863007818453,51.031137,5.3720755
Middelkerke,34983,28.378251420427297,51.1855865,2.8211561
Ledeberg,36726,2.1749977549792754,51.0372053,3.7414088
Walem,39500,17.7247701548536,51.0657941,4.4568748
Schaerbeek,29105,0.0,50.8676041,4.3737121
Woluwe-Saint-Lambert,39198,4.55645953269966,50.8430448,4.4256732
Zottegem,41829,21.91159708101097,50.864231200000006,3.810268614570032
Westkapelle,49006,12.958398270615836,51.3150359,3.302445
Rocourt,29723,4.096262304843282,50.678042,5.547616
Wenduine,39082,14.370161908041256,51.299095,3.0794343
Rumbeke,36817,31.0214372694116,50.9333267,3.1541566
Uitkerke,33019,12.141764155454922,51.3039998,3.1420244
Etterbeek,29704,2.6834598594772126,50.8361447,4.3861737
Waarloos,47563,13.406554458366193,51.1052659,4.453
Borgerhout,33144,3.3687293433137047,51.2128453,4.4462406
Leuven,43012,0.0,50.879202,4.7011675
Auderghem,42739,6.221687279275568,50.8171712,4.4270852
Merksem,33144,3.7651389624906964,51.2438894,4.4397179
Ganshoren,31069,2.7828559542617928,50.8703273,4.307798
Avelgem,37258,36.28586047569556,50.77750635,3.449666230130913
Harelbeke,37874,36.27618755498503,50.857512,3.3113699
Vissenaken,38387,15.829155813435783,50.8379912,4.9170287
Sint-Denijs-Westrem,36726,5.501922629751593,51.0199405,3.6676767
Sint-Lambrechts-Herk,39652,34.20584378296784,50.9019388,5.3058995
Laeken,29704,2.48163692510721,50.883392,4.3487134
Sint-Pieters-Leeuw,37716,8.89164358001034,50.7800261,4.2443604
Orp-le-Grand,41050,27.789456152432887,50.7034875,4.9912852
Zétrud-Lumay,39574,18.25635361194687,50.7601672,4.88015746346154
Waardamme,42060,10.704079259755483,51.1123296,3.2222872
Sint-Joris,35914,32.46571158934455,51.1303504,2.7781352
Woumen,35138,33.92634540232992,51.0012605,2.8702221
Rupelmonde,41716,12.927334397106515,51.1271881,4.290421
Soignies,36897,16.088355832129054,50.579203,4.0685604
Heldergem,42081,25.007350460907688,50.8816742,3.9548012
Saint-Josse-ten-Noode,22954,1.3146409065468496,50.8508197,4.3691634
Sint-Gillis-Dendermonde,38820,24.107055830094364,51.0211749,4.1184422
Ramsdonk,44261,16.5855015213225,51.0148193,4.3356406
Weert,43169,19.613475466399084,51.1021651,4.1920146
Welden,39518,20.060815772236843,50.8791033,3.6536587
Evere,31133,2.1413638479940067,50.8720096,4.4034182
Mortsel,41585,6.895684261661683,51.1704119,4.4566996
Harchies,33277,18.157485389954964,50.4822884,3.6990271
Petit-Enghien,38412,23.920103250908518,50.6899321,4.0845939
Eeklo,34900,18.2570983905671,51.1844827,3.5665965
Forest,31301,3.1422217720166885,50.811795,4.3181187
Vichte,40945,33.05224065999253,50.8354873,3.4048906
Schelderode,47435,9.371123108026943,50.9698809,3.7131906
Nivelles,39782,22.387801725471753,50.5976885,4.3235854
Woluwe-Saint-Pierre,49629,5.079322240130677,50.8370253,4.4274636
Saint-Gilles,28468,1.9222984134765408,50.8249958,4.3454841
Vrasene,42919,14.301921715912451,51.2191283,4.194377
Woubrechtegem,41898,24.17305276155125,50.8726761,3.9158325
Ruisbroek,44065,5.891507841342854,50.7900129,4.2980824
Rijmenam,51407,15.837000203353744,51.0010818,4.5842221
Borsbeek,37667,6.964159512000232,51.1928907,4.488953
Wetteren,38114,12.381000251948079,51.0068804,3.8855494
Toernich,46116,111.48167059673384,49.6512359,5.7795299
Herenthout,37833,26.346261400804003,51.1392427,4.7543972
Sint-Michiels,38379,2.4843817612883123,51.1884619,3.2111722
Neder-Over-Heembeek,29704,2.7858892758870852,50.8925777,4.3768928
Vilvoorde,37234,7.6274644950574375,50.928711,4.423126
Alken,41017,31.706432928562176,50.8754731,5.3079873
Heusden,47283,44.30057766537816,51.038289,5.2810644
Tilleur,28715,4.06906555205161,50.6206584,5.5306658
Wondelgem,36726,3.9683568907671387,51.0886195,3.7123555
Lembeke,41952,16.96862723631147,51.1949816,3.6326098
Sart-lez-Spa,41217,29.105281573734164,50.51744,5.933482
Sint-Amandsberg,36726,1.8920448162805172,51.061875,3.7488657
Wavre,41008,19.133790431397404,50.7169694,4.610416
Wandre,29723,6.688686585516172,50.6702136,5.6598274
Assenede,40734,19.422279710561767,51.2275942,3.7532864
Wanzele,42702,18.49020563469087,50.9741595,3.9570133
Tielrode,40142,19.762363987112607,51.1125824,4.1752558
Tihange,32010,25.747117773002937,50.527586,5.259369
Ougrée,28856,6.353058412375413,50.591146,5.5439611
Vurste,44807,12.328730635235475,50.9459212,3.6845236
Halle,38908,13.164895556973871,50.7360524,4.2374349
Wardin,35515,74.36309600474664,49.9901889,5.7857251
Wansin,40504,25.97611727749754,50.6785993,5.020456
Oostrozebeke,36953,29.615482371780356,50.93434535,3.3468206372996305
Drogenbos,34279,5.908628332517565,50.786532,4.3173542
Moerzeke,37198,24.593985399435834,51.0630042,4.1531789
Aartselaar,46475,9.804278665909234,51.133297,4.3870241
Zegelsem,39587,25.977398495233903,50.8202409,3.7188136
Wulpen,45279,38.670722969199495,51.101318,2.6993152
Orgeo,32777,76.85997574881604,49.8343079,5.3022804
Zaventem,41981,7.115544378258719,50.8806207,4.4730008
Zomergem,41710,13.602776088681901,51.118399,3.5596004
Brasschaat,44845,9.990347554826503,51.2900693,4.4917295
Adegem,37507,18.05736551278623,51.2035291,3.4858471
Bredene,37625,18.59383943653063,51.2408491,2.9647914
Leest,39500,18.843141667814002,51.0350559,4.4150058
Rotselaar,49196,8.056704788985853,50.9514713,4.7094054
Wezemaal,49196,9.194199089900083,50.9564078,4.7481188
Zeebrugge,38379,13.705435282178641,51.3312211,3.207561
Tournai,33809,43.2525553490691,50.6056458,3.3878179
Edegem,46533,8.042860425605067,51.1548066,4.4458312
Wavreille,32960,47.16258275308379,50.1209121,5.2510385
Zelzate,35446,16.973147038719347,51.1981492,3.804224196893584
Lier,38751,15.511040705179012,51.131069,4.5696516
Malmedy,33858,40.25082739851101,50.4265348,6.0276059
Wanze,38248,25.83841560653001,50.5368559,5.2143865
Sainte-Marie-Chevigny,36447,73.61056278402694,49.9235741,5.4578106
Zedelgem,41860,9.840004139460245,51.1389736,3.1395587
Watermael-Boitsfort,40887,7.105262218627348,50.7981063,4.4176441
Liedekerke,39013,17.465094451112968,50.8711313,4.0860754
Vorst,39347,3.1422217720166885,50.811795,4.3181187
Wierde,35394,7.613425327611295,50.4257472,4.952557
Waha,33662,44.18063353664261,50.2119666,5.3441742
Seraing,28856,5.641483773129822,50.6152381,5.5089437
Ramskapelle,49006,34.23191789008617,51.1090204,2.7622654
Poeke,42072,19.6891243118625,51.0411797,3.4440783
Wemmel,42687,6.568548794097149,50.90922045000001,4.302993051934084
Wonck,35787,14.26848067871716,50.7677078,5.6333621
Sint-Stevens-Woluwe,41981,5.553282274911415,50.8692776,4.4528019
Genval,46843,17.695125250923997,50.7255373,4.5151481
Jette,31547,2.572359463220189,50.8759585,4.3245702
Waterloo,49868,16.085564907225898,50.70328635,4.408427632127678
Zarren,36386,28.251464702317794,51.0181506,2.9588049
Vlekkem,42477,19.48779424400369,50.9358954,3.9309931
Wanfercée-Baulet,32402,12.051810888604678,50.475843350000005,4.581627405915087
Lanquesaint,36258,24.0058909889452,50.6509684,3.8095391475672415
Nazareth,44015,13.798044254954503,50.959802,3.5963218
Mollem,40679,11.848220473051969,50.9328497,4.2239826
Rendeux,33872,48.03286471758965,50.21436665,5.522222064587313
Braine-l'Alleud,43475,17.59363351915854,50.6828722,4.3692706
Wakken,38846,26.673015515369393,50.930782,3.3978669
Spa,32480,26.581359714810038,50.4920654,5.8627569
Heverlee,43012,1.705522922628817,50.8645908,4.6937736
Virton,35652,110.71475962805127,49.5677263,5.5329559
Putte,42054,20.379743979566424,51.0570823,4.6310473
Turnhout,34133,38.75090385170537,51.3286495,4.929594325676078
Kapellen,48378,10.638419015081777,51.3149455,4.4295354
Uitbergen,39428,16.728914895485225,51.0180822,3.9574085
Court-Saint-Etienne,41989,27.17634939466917,50.6443208,4.5685766
Latour,35652,112.84401921164766,49.5581925,5.5704642
Korbeek-Dijle,50439,6.104627619088543,50.839684,4.640793
Schoten,43195,7.641399736050188,51.2516344,4.4980446
Deerlijk,40125,34.8202884295813,50.83940065,3.3627926635249863
Mariakerke,36726,24.203917754331506,51.21304,2.8793818
Tielt,37571,24.19835030011574,51.0002939,3.3273362
Zwijnaarde,36726,5.969804578755025,51.0003917,3.7167702
De Panne,35459,45.89496326836627,51.0988314,2.5924087
Lommel,36743,57.650125864654804,51.2305657,5.3076895
Gilly,27396,2.824908865760023,50.4237767,4.4795404
Genk,33963,35.99805589513006,50.9654864,5.5001456
Hooglede,39051,26.504017715977596,50.9882777,3.081760938099736
Onze-Lieve-Vrouw-Waver,43830,21.656384165415666,51.0624896,4.5798347
Warnant,35469,16.01123455007703,50.3238206,4.836084
Villers-l'Evêque,37946,11.419342475376562,50.703953,5.4408151
Zandvliet,33144,16.687288011855042,51.3599666,4.3086817
Kruishoutem,43436,21.550001122007465,50.9048236,3.5281805
Ronse,32085,34.595510385450794,50.7526199,3.601447689906585
Wéris,32422,35.54014068180284,50.3266395,5.5307553
Ophoven,36136,55.93202181744739,51.1271135,5.8015396
Merkem,34993,38.65317644797825,50.9527838,2.8520424
Schriek,39914,16.220443248170778,51.0249522,4.6916315
Strombeek-Bever,44281,4.791782042102993,50.9083929,4.3516713
Mouscron,31017,49.722817967008,50.7436672,3.2142729
Keerbergen,54918,14.741839192803104,51.0037524,4.6290719
Mons-lez-Liège,32475,8.394924129702728,50.6224546,5.4600597
Ramsel,39285,19.404017960062223,51.0324718,4.8336098
Groot-Bijgaarden,43900,5.459927535706938,50.8707084,4.2651493
Bierges,41008,20.092855182898614,50.717399150000006,4.573884421883609
Steenokkerzeel,45579,10.693397298318345,50.9093488,4.5110471
Hofstade,38692,16.11978116877428,50.9912146,4.4938796
Wechelderzande,40295,27.320195861738487,51.2634596,4.7863029
Melle,45435,7.654737728747854,51.00303,3.7988833
Rivière,40066,12.067798351422638,50.3580729,4.8724268
Duffel,41935,15.7974161430731,51.0957176,4.5061988
Velroux,31573,10.461287681691992,50.6437369,5.4252652
Saint-Léger,45995,110.39554129019174,49.6134362,5.6569569
Lubbeek,50956,9.636396405604673,50.8821422,4.838443075812412
Villers-Poterie,40650,9.914570371462085,50.3513008,4.547498
Wijnegem,40604,8.578975028817215,51.2270761,4.5225318
Sint-Eloois-Vijve,38756,27.858783374399895,50.9059283,3.4038085
Vezin,34043,10.809167568795727,50.4966018,5.0114611
Chênée,29723,5.196572030654354,50.6075232,5.6174231
Zellik,40679,5.5837747909136315,50.8842475,4.2744185
Muizen,39500,18.495766884247598,51.0087257,4.5134363
Lichtervelde,38774,20.672385231313434,51.03042685,3.14195841601318
Heist-op-den-Berg,39914,21.966466950774578,51.0759905,4.7286753
Zolder,36814,45.80414282192701,51.0236553,5.3135203
Koolkerke,38379,3.9859418762311307,51.2419954,3.2473789
Zwijndrecht,39573,4.84305760859442,51.2185443,4.3302898
Vossem,56494,10.993761200339101,50.8354014,4.5607522
Nederokkerzeel,47956,10.556693594969794,50.9190127,4.5645096
Westrozebeke,36023,34.31084911685964,50.9310188,3.0121528
Plancenoit,54821,20.661311157560288,50.66254755,4.421212418273594
Namur,35394,0.0,50.4665284,4.8661892
Wielsbeke,38461,29.5858871348774,50.9094821,3.3699842
Hornu,28385,9.124688989746417,50.4335598,3.8275578
Witry,43224,85.10928473743752,49.8669288,5.608906489888668
Ottignies,39460,25.204416270708407,50.666357,4.5690502
Russeignies,37641,36.9629981560865,50.7447633,3.5309528
Denderleeuw,38577,19.525598079679565,50.88813845,4.062511248890271
Kachtem,36788,30.85306421700096,50.9319261,3.1924021
Wolvertem,48527,10.341185318328247,50.9510266,4.3085198
Sint-Amands,44065,23.171542548918417,51.0515271,4.2067001
Sterrebeek,41981,9.762060673315442,50.8613343,4.5124544
Zoerle-Parwijs,39958,26.15505161968697,51.0880889,4.8729402
Wieze,39986,22.865491272230408,50.9801493,4.0803159
Desselgem,38756,32.189380265915645,50.8866327,3.3497336
Opvelp,52676,10.146779679555488,50.8088266,4.793162
Saive,38625,7.68541796761153,50.6526283,5.6819662
Zonnebeke,37136,40.87208636434754,50.8731885,2.9874678
Marenne,32016,46.198569728960614,50.2418351,5.4165812
Sauvenière,41290,16.189370100340625,50.5810646,4.7248074
Louvain-la-Neuve,39460,23.611941563754034,50.6741689,4.613790587187648
Sougné-Remouchamps,36030,20.25876487256997,50.4827894,5.7039128586378025
Oostakker,36726,5.844836449448526,51.1001986,3.7644128
Belsele,36702,23.14634170317357,51.14633,4.08979
Zingem,43436,17.397451965447697,50.9039326,3.653793
Zulzeke,40443,31.158375631039522,50.7912081,3.569982
Hemiksem,40071,9.599699824793033,51.1430192,4.3409826
Ranst,44935,11.920050215560655,51.1897015,4.5633
Overijse,53300,15.439578585999493,50.7701622,4.5351806
Werchter,49196,10.174340942614956,50.970584,4.6937963
Ransart,27396,5.782788776274177,50.4575535,4.482824329976802
Vosselare,42117,12.231790806889702,51.0265181,3.5555413
Noorderwijk,38434,30.706254255425115,51.141115,4.8402651
Ingelmunster,37158,32.11494467621371,50.9202812,3.2549979
Sint-Ulriks-Kapelle,43900,8.749560150204479,50.8800337,4.2206526
Schepdaal,43900,9.679693657158875,50.8348548,4.1919739
Haren,29704,3.9289119841005653,50.8909441,4.4157553
Mont-Saint-Guibert,43035,26.042517864401066,50.6365628,4.6127019
Opglabbeek,38237,44.248401659070524,51.0429949,5.581962
Sint-Kruis,38379,1.7780089471557783,51.2142018,3.2506508
Grivegnée,29723,3.6133893249970304,50.6192957,5.6047622
Nieuwerkerken,38692,34.6091446637582,50.8653633,5.1939014
Herstal,29902,4.550932065604499,50.6650412,5.629981
Wespelaar,47455,10.144028984191198,50.9598898,4.6336453
Gestel,39462,21.4088151103472,51.1290504,4.6694284
Rekkem,33568,47.17825369364114,50.7861863,3.1627429
Rixensart,46843,19.12456521962059,50.7122566,4.5216218
Sint-Lenaarts,43104,23.94899161656916,51.3473203,4.6787433
Ville-sur-Haine,38494,8.149010990274764,50.4768996,4.0618082
Heestert,40149,37.33602878647345,50.7821543,3.4120184
Velaines,35712,40.554524777545275,50.6685604,3.4865934
Waremme,36461,23.228122653065807,50.6976875,5.2546191
Chaudfontaine,44376,8.470561953030183,50.5847922,5.6469688
Saint-Gérard,37666,16.098824419829075,50.3463414,4.7395306
Zwevegem,40149,38.83105375654193,50.78285655,3.375586376478683
Embourg,44376,6.490812984649697,50.591638,5.6105688
Lokeren,38938,19.339533802535065,51.1044488,3.9898689
Terhagen,43987,15.882289914054075,51.078277,4.3993623
Hermalle-sous-Huy,31313,17.846302814099225,50.5569911,5.3622542
Paliseul,33605,65.46108353714965,49.9035269,5.1349041
Seneffe,39767,18.649355324869415,50.5292555,4.2566988
Marche-lez-Écaussinnes,36445,18.875587150438424,50.5464944,4.1767091
Tubize,34640,18.86089469269907,50.6904188,4.200575616638647
Kraainem,53968,7.258101743930302,50.8425698,4.469203440443001
Saint-Ghislain,34003,9.410713630202583,50.4477484,3.8195241
Lint,49158,12.308324596009856,51.1268305,4.4922187
Oeudeghien,37751,30.016335795787075,50.6778522,3.7122263
Opwijk,44529,16.463902307597138,50.9690529,4.1896665
Werm,38528,23.228122653065807,50.6976875,5.2546191
Sint-Genesius-Rode,53638,10.525704613269374,50.74503,4.3463687
Châtelineau,28627,5.220018442432401,50.4155938,4.5179328
Torhout,37923,19.15344175085879,51.0587812,3.091184124530616
Beersel,45534,10.276688354624076,50.7478412,4.30652710740871
Balen,38761,47.47737009597954,51.1727481,5.194138939365719
Pulle,42709,21.825406524789276,51.2033571,4.7117525
Voorde,38251,27.024643360854743,50.8254777,3.9454543
Poelkapelle,37713,37.40365583833605,50.9179465,2.9572108
Wangenies,32402,8.82214692852421,50.4770796,4.514932553161763
Kuurne,37946,38.29895917160665,50.8597083,3.2733290179140377
Stekene,41006,25.131227081894117,51.2062265,4.0396925
Fléron,33859,8.34528023583197,50.6168354,5.6832219
Schilde,52053,12.810264112126156,51.2388703,4.5814855
Jemeppe-sur-Meuse,28856,6.061180112021774,50.6186268,5.4984853
Charleroi,27396,0.0,50.4116233,4.444528
Velaine-sur-Sambre,32347,13.299141481965824,50.4713313,4.60725
Lembeek,38908,15.849152426204641,50.7135392,4.2229681
Zoutenaaie,35512,37.79443402695739,51.0494801,2.7481418
Sint-Jan,36057,44.35856644126811,50.8648573,2.9047017
Aalbeke,37694,46.27837700304554,50.7788603,3.2294574
Merchtem,43469,13.783627937253272,50.9593636,4.2335677
Aubange,38048,120.39240352008105,49.5671953,5.8044993
Ardooie,37664,25.519928347598988,50.9797876,3.1974259
Sint-Martens-Latem,56975,6.991802763276865,51.020971,3.6397549
La Hulpe,47463,14.65867801936217,50.7362626,4.465922655145528
Verviers,29893,21.542958267238728,50.59324,5.867828
Booischot,39914,18.29285236507906,51.0372737,4.7735274
Wauthier-Braine,43559,17.78828433177795,50.6803187,4.2988086
Welle,38577,20.82001846913556,50.9030844,4.0508129
Wevelgem,38936,44.53294890425504,50.8089591,3.1841013
Vottem,29902,3.1029509152433437,50.672893,5.5697617
Gelrode,40395,11.958266393729414,50.9655011,4.8029673
Tremelo,44199,12.533605450056463,50.9919047,4.7040582
Geel,39612,37.30256426883275,51.1610826,4.9903187
Genappe,44783,22.1604218054732,50.6108733,4.4510726
Xhendremael,32537,9.296081406667893,50.7043671,5.4805775
Boussu,28385,11.30118061778983,50.4331253,3.7960902
Arendonk,37454,49.03049314568228,51.3202315,5.0864557
Gosselies,27396,6.898315186832287,50.47358865,4.44924225712702
Oupeye,34098,9.366235707196363,50.71713445,5.642500027818934
Spiere,36394,45.39537180924573,50.7180807,3.3568584
Boekhoute,40734,22.67492583698023,51.2576962,3.7176064
Beringen,37141,41.361432491571776,51.0489641,5.2266869
Zarlardinge,37744,32.950178636140734,50.76432255,3.8252714980660754
Saint-Georges-sur-Meuse,35212,15.984659111744437,50.6000654,5.3584259
Zulte,40058,21.574049577494687,50.9400485,3.475305501634618
Thimister,40876,20.39030115065667,50.6533204,5.8625239
Villers-la-Ville,44726,19.00562751801717,50.5727285,4.5342675
Sint-Eloois-Winkel,37206,37.2199647229214,50.87486725,3.184801514183245
Reningelst,34695,54.26802923716452,50.8170498,2.7636029
Waimes,34568,43.25434110627204,50.47241415,6.12229074312927
Ressegem,41898,22.204417309033072,50.8920791,3.9109808
Haasrode,58045,5.660954814251938,50.8309839,4.7270448
Zande,36620,23.472256932942656,51.1198797,2.9212918
Sijsele,40996,6.804405340433512,51.2004843,3.3235879
Fontaine-l'Évêque,31682,8.487692209423964,50.4107021,4.3247583
Haccourt,34098,11.86367573991493,50.7339784,5.6667674
Zele,37266,21.532456805150176,51.0671633,4.032389457082763
Trivières,30289,13.168241905710993,50.4532043,4.13793659500489
Wolkrange,49742,113.45260432670233,49.6349978,5.7982447
Meulebeke,36322,29.092782826530684,50.9498382,3.2888527
Wachtebeke,40473,15.901784975773849,51.1701927,3.8574284
Xhoris,38039,22.452796042734004,50.443983,5.602069
Vaux-Chavanne,36004,39.11796718362918,50.3021991,5.6971681
Quiévrain,29199,19.85954537897391,50.4058844,3.6823764
Sovet,34208,22.39220293910321,50.296303,5.0349178
Winksele,51119,4.528797382039617,50.8979511,4.6438521
Bray,32170,10.09423108865925,50.43178885,4.0897844760654944
Ekeren,33144,6.518113681928531,51.2781955,4.4209857
Yvoir,39037,15.643040844264434,50.3260425,4.877815
Mol,39398,44.5934580178163,51.1840421,5.1155267
Zwevezele,38413,19.20331174080216,51.0361481,3.2106957
Vorselaar,39941,25.841846261251412,51.2023448,4.769482
Heusy,29893,22.039494961663465,50.57804,5.867539
Zevekote,38116,22.824960383897423,51.1368151,2.920019
Warnant-Dreye,41399,25.437664533696235,50.5957014,5.2215442
Kessel Lo,43012,2.2230913085355923,50.8852456,4.7313734
Vaux-sous-Chèvremont,44376,6.424968303620356,50.6018004,5.6339283
Hachy,45102,103.00919124637994,49.7015507,5.6805003
Signeulx,40988,115.68093466175496,49.5528606,5.6403955
Maldegem,37507,15.217656601893516,51.2088871,3.4452214
Athus,38048,121.87176970484701,49.5615482,5.8306932
Soye,40151,9.66914542020187,50.45496735,4.730807700413297
Strijtem,45352,15.103626923522743,50.8405541,4.1145703
Itterbeek,43900,5.5850890256234145,50.8395994,4.2501187
Machelen,35111,6.36397023421864,50.90152065,4.446784480895417
Tournay,37409,77.86874170263384,49.8543387,5.3969928
Diepenbeek,39689,31.148711359962153,50.9078485,5.4200307
Villers-sur-Semois,45794,98.73960891245885,49.6987456,5.5614663
Baudour,34003,8.935250083085483,50.4843055,3.8344295
Ans,32537,5.294551254535971,50.6679862,5.5077543
Teralfene,45637,17.271745303026872,50.8921419,4.09834
Rachecourt,38048,115.12666508977976,49.5903125,5.7248143
Tontelange,59976,103.50463855018053,49.7266352,5.8099377
Wezembeek-Oppem,53114,8.38417378380324,50.8440554,4.4871796
Willerzie,32755,53.29153517110807,49.9874142,4.8475671
Wellen,39738,27.45716102754644,50.8414946,5.337092
Tilff,42614,8.322452386754614,50.570522,5.583679
Niel,38765,13.281895721505572,51.1098649,4.3303396
Ressaix,32170,17.441003971788156,50.4231269,4.1931065169042006
Opdorp,43632,20.64882983700627,51.0264023,4.220916
Nassogne,35406,50.52299739329296,50.1287359,5.3418985
Laarne,43768,9.174111443545831,51.029657,3.8504738
Weerde,50492,13.814689541490825,50.9722782,4.479869
Nadrin,34264,54.384215144869465,50.1608117,5.6809237
Marcinelle,27396,3.2600271856235508,50.38246,4.4398075931402445
Zandhoven,42709,18.108329450519562,51.2147918,4.6595103
Furfooz,30917,27.839504506745158,50.2234099,4.9599068
Tertre,34003,10.014924234409463,50.4674469,3.8118448
Vierset-Barse,40566,26.833198553567357,50.4811242,5.2948879
Sint-Martens-Lennik,46735,11.869296982331218,50.8121895,4.1661277
Pittem,36905,23.888611845099728,50.99519,3.2667652
Moorsel,38692,11.6300163999675,50.8573114,4.5386142
Zepperen,36466,30.260084232852332,50.8225873,5.2476844
Opheylissem,39891,24.33050282113387,50.7478898,4.978178
Steenkerque,37515,22.46660930580767,50.6428237,4.0689795
Longueville,50803,19.953068370307648,50.70253865,4.750930339395808
Huizingen,45534,10.698570521580255,50.751709,4.2659694
Monceau-sur-Sambre,27396,4.503050469620918,50.4137749,4.381068593882086
Koersel,37141,44.40309476687028,51.0573964,5.2686384
Veulen,37286,22.95988562563439,50.7633827,5.3063809
Tignée,36423,9.23219583392107,50.6493942,5.7043739
Waltwilder,37997,24.402895278974142,50.8638819,5.5464648
Alsemberg,45534,10.814628692862057,50.7419942,4.3383125
Zandbergen,37744,26.393926449263134,50.8069906,3.9573581
Betekom,43612,13.132809310469565,50.9859984,4.781192
Hechtel,37814,53.752063144859655,51.1236746,5.3638574
Oetingen,44141,20.26594236639078,50.7720719,4.0614624
Queue-du-Bois,32708,7.47286380516897,50.6369652,5.6788052
Ursel,42072,18.75151000571187,51.1300675,3.4855189
Vosselaar,44100,35.45967605333728,51.3129153,4.8878026
Pironchamps,27092,6.076524303804796,50.4285932,4.526056
Lessines,33759,29.88077921143796,50.7123036,3.8301131
Melen,36423,11.524443338300104,50.6460841,5.7370469
Nijlen,41284,20.005679042350724,51.1610023,4.6702859
Olen,39850,31.449930832269203,51.1438611,4.8597257
Vollezele,44068,23.12683490453124,50.76088,4.0247359
Meise,48527,8.0451031180369,50.9341625,4.3287322
Drongen,36726,4.986023797937188,51.0473433,3.6544322
Piéton,31459,11.322538471521954,50.4349107,4.2889391
Iddergem,38577,18.798538631012022,50.8770138,4.0686554
Westkerke,38297,15.506346982544509,51.1646678,3.0155885
Minderhout,38493,33.41187861297202,51.4174934,4.7636002
Ombret,34064,20.04256357800894,50.5424511144029,5.340209343814248
Scheldewindeke,46227,13.519123389856237,50.9369041,3.7779584
Mont-sur-Marchienne,27396,4.266605225152672,50.3826183,4.405122050128215
Zoersel,44885,22.537020638744174,51.2716725,4.7132557
Wortegem,44729,26.895766927499007,50.8533808,3.5101135
Steenhuffel,43949,16.016814994243436,50.9954209,4.2683305
Vlezenbeek,37716,7.710297412823782,50.8075574,4.2319001
Houtain-Saint-Siméon,34098,10.785159869536255,50.7392521,5.6103624
Martelange,40635,92.95307404048715,49.8149117,5.7268150473328365
Wilsele,43012,3.6779453493555114,50.9114018,4.7131616
Céroux-Mousty,39460,25.780981999160836,50.6599083,4.5691032
Manage,30827,18.01071673624313,50.5040159,4.2355599
Leopoldsburg,35154,47.50671829371629,51.1193017,5.2627046
Paal,37141,37.554701840171994,51.0396274,5.1730187
Rollegem,37694,45.3348129543827,50.7688433,3.262598
Vresse-sur-Semois,29749,66.17670712357965,49.8729769,4.9340633
Grimbergen,44281,8.759915438662874,50.9457843,4.38909669976362
Scherpenheuvel,39615,22.38813456817745,50.9802698,4.9774558
Loyers,35394,6.220858713160138,50.4615162,4.9537227
Waasmunster,48148,25.122969208931227,51.1186217,4.078575883847648
Oud-Turnhout,43213,41.893715670271625,51.3178319,4.9817086
Vitrival,36293,15.104895715475692,50.3941596,4.6558828
Grobbendonk,41814,23.823255957822273,51.1919904,4.7385027
Roselies,32767,9.294855448768292,50.4289142,4.5728849
Wichelen,40929,18.22060899298198,51.0060797,3.9742524
Moorslede,37484,37.07013403637887,50.8914424,3.0631252
Mons,32899,0.0,50.4549568,3.951958
Vyle-et-Tharoul,38897,28.553685376286158,50.4462735,5.2682682
Plainevaux,47599,11.741858686843822,50.544806,5.5215313
Sinaai-Waas,36702,23.208896690438227,51.18700185,3.9810598
Diegem,35111,5.602046791396928,50.8899608,4.4452666
Rosières,46843,18.860090891833927,50.7343111,4.5528471
Tourinnes-la-Grosse,46620,11.733666324297317,50.7777654,4.7472104
Hoeilaart,51432,12.314887036163293,50.7674846,4.474407
Jumet,27396,3.650695259724903,50.4443555,4.440522881534143
Sars-la-Bruyère,30584,10.652968780000647,50.3720935,3.8765
Thy-le-Château,37323,14.384210245282826,50.2827004,4.4278716
Zonnegem,42704,19.129475869964477,50.9267514,3.9092421
Wegnez,33462,18.717909504136752,50.5789617,5.8175559
Westmalle,40856,22.105134967535086,51.2970123,4.6933094
Nalinnes,43251,9.732957298836466,50.3240944,4.4453802
Virginal-Samme,42679,23.302653770202816,50.6413618,4.219967644219659
Eupen,36700,32.31551395799166,50.6305665,6.0312717
Westmeerbeek,39250,22.221346131643717,51.0603638,4.8351334
Angleur,29723,3.969974211142299,50.6131234,5.5986637
Linkebeek,46319,7.341081710619375,50.7732003,4.3359991
Thorembais-Saint-Trond,40979,18.488704731906882,50.61884505,4.761263128997847
Courcelles,31532,7.038514240839131,50.4574699,4.376008
Hove,54650,9.710738510127712,51.1486117,4.477387
Morlanwelz-Mariemont,31479,15.162607970159764,50.4559649,4.2420853
Tielen,42072,34.67319300235442,51.2422595,4.8965455
Tessenderlo,40089,34.356572314809405,51.0681628,5.0893974
Hoogstraten,38493,32.16246547697093,51.4012894,4.7616865
Visé,35147,13.074526845715313,50.7347797,5.6936397
Meldert,46435,16.94844815291313,50.9356266,4.13396
Aartrijke,41860,13.760239010156235,51.1191622,3.090309
Boechout,45893,9.292189509366011,51.1635604,4.4963921
Heule,37694,40.615492579227954,50.8433241,3.2348571
Bouge,35394,1.7241783780026236,50.4765668,4.8847574
Nessonvaux,37229,14.391562217441088,50.5720282,5.7419487
Saint-Remy,38625,42.01073597653678,50.0458982,4.2963399
Schelle,42336,11.61295352447152,51.1245635,4.3361875
Wasmuel,28316,7.524888566108333,50.445727,3.8466719
Anderlues,31259,12.8070655330785,50.4040264,4.264200775402966
Cambron-Casteau,37250,14.956113109580194,50.58305465,3.887452485579248
Thulin,32258,15.055951306553583,50.4233131,3.7452498
Zerkegem,43617,11.890906754536598,51.165626,3.0705072
Wasmes,27802,8.496791936065454,50.4218859,3.8438003
Saint-Sauveur,37751,37.49473058645003,50.7061803,3.5977459
Ichtegem,37281,19.86164318498476,51.0925288,3.0102687
Marche-les-Dames,35394,7.194987761158286,50.4806705,4.965401
Tenneville,37380,60.6356764098829,50.0995825,5.497465184536786
Kortessem,39947,27.182302463443644,50.859243,5.3872669
Wervik,34947,49.53109886395177,50.7782244,3.0439698
Saint-Symphorien,32899,4.751631113149424,50.4366253,4.012574
Jamoigne,35583,94.38552897243618,49.6958089,5.420477
Rulles,45102,96.75725185970195,49.7181041,5.558116
Zelem,40452,30.242260582721283,50.9788799,5.1026566
Sint-Pauwels,42188,21.398766569434645,51.1929939,4.0958349
Widooie,36159,18.2224528598328,50.7719092,5.409701
Vaux-sur-Sûre,38568,78.5180199555602,49.939384200000006,5.611697191879307
Villance,36859,60.644721758778026,49.9709626,5.2221196
Sint-Maria-Lierde,41567,27.23657136578008,50.8212479,3.8469441
Tillier,43621,10.338805060371204,50.544287,4.946342
Voort,36914,24.43914124737807,50.7932007,5.3171194
Vorsen,40867,29.044594719386343,50.7043223,5.1721718
Moerbeke-Waas,41847,20.891789181609234,51.1808945,3.945491725869704
Sint-Katelijne-Waver,43830,19.182505809250994,51.0699542,4.532238
Comines-Warneton,29917,51.459681888182466,50.7683055,3.0001175
Jemappes,32899,4.682310210075018,50.4525994,3.8859254
Havay,37888,10.740492793794255,50.3605437,3.9839647
Comblain-au-Pont,32936,18.836156752966602,50.4756986,5.5748498
Lillois-Witterzée,43475,22.003376865760575,50.64219715,4.360733861058036
Sint-Laureins,39101,21.01295935639233,51.2417048,3.5238418
Wange,41549,25.226044088830076,50.7865609,5.0290511
Boortmeerbeek,49150,14.505236814191065,50.9815937,4.5729262
Neuville-en-Condroz,47599,13.470111776370995,50.5520337,5.4514318
Wiekevorst,39914,26.465703110765297,51.1099023,4.7941786
Rotheux-Rimière,47599,13.839124422009446,50.5353385,5.4811796
Saint-Servais,35394,1.9461243162146038,50.4778694,4.8452444
Belgrade,35394,2.8468082790617175,50.471128,4.8266205
Ravels,37195,44.68534977316353,51.3717045,4.9955625
Verrebroek,42919,15.213783393307823,51.2553041,4.1881086
Sprimont,41559,16.719672112913056,50.5055291,5.6617176
Romsée,33859,7.767742852870936,50.6069188,5.6658323
Zevergem,54487,8.629656262174166,50.9786614,3.6943144
Cheratte,35147,8.101802347771727,50.6840338,5.6707671
Tintigny,40552,98.86908291437156,49.6820986,5.5185152
Corbion,30494,75.08768288237617,49.7974564,5.0087055
Oosteeklo,40734,15.69061367671792,51.1929943,3.687828
Chapelle-à-Wattines,34625,27.331151941663336,50.6125001,3.6551354
Waarschoot,41710,13.561664463177395,51.1544208,3.6151788
Flobecq,36539,33.174780095731705,50.7555082,3.731443218614724
Sint-Kruis-Winkel,36726,13.106265699331539,51.1541943,3.8234371
Ternat,43623,11.386112859890261,50.8713392,4.1756966
Rillaar,40395,17.197141377789045,50.9757406,4.8928649
Solre-sur-Sambre,30802,21.53360450182848,50.3127567,4.1581256
Wijgmaal,43012,4.828303562752901,50.922623,4.7016294
Borsbeke,41898,20.39186134442977,50.9047179,3.8945771
Aspelare,38251,26.067715683552724,50.8421637,3.9584406
Kaster,40945,31.102204175413778,50.814135,3.4962534
Zemst,50492,14.461901826997732,50.9842166,4.4650814
Schulen,40811,35.24657770145699,50.9641149,5.1856287
Warzée,38135,24.158842816850427,50.4487876,5.427096
Nethen,46950,10.77960723645306,50.78382875,4.673655234957148
Nieuwkerke,34453,59.9735487822924,50.7351998,2.8161955027417847
Maarke-Kerkem,43605,27.93550747816567,50.807217,3.6489314
Kalmthout,44910,18.801914207168405,51.3832723,4.4763255
Quevaucamps,34494,20.494658597620305,50.5187136,3.6801575
Saint-Géry,46385,21.25673709590607,50.5762185,4.619935883721944
Attenrode,44572,15.793514159393567,50.877424,4.9262551
Julémont,38255,14.68260885185742,50.6856398,5.7718682
Sint-Maria-Latem,43002,18.241885916312654,50.890215,3.7059521
Vivegnis,34098,8.09866535117002,50.697932,5.6527071
Viesville,40157,9.154190624273829,50.4906131,4.4080963
Saint-Aubin,34111,20.614268596848092,50.2469253,4.5778492
Walhain-Saint-Paul,46630,20.651350437432473,50.6171227,4.6951584
Winenne,32245,41.02048613775414,50.0980233,4.8930998
Vodecée,33097,26.0440256537676,50.1972001,4.5920788
Rochehaut,30494,70.33574477801395,49.8404522,5.0070138
Habay-la-Vieille,45102,98.73611708236865,49.7228424,5.6225107
Thoricourt,43026,17.25306833246458,50.6101161,3.9509699
Lovendegem,41710,9.430299037644419,51.0956807,3.6076129
Presgaux,30074,43.04755309573246,50.0247898,4.4206168
Waarmaarde,37258,33.76675043413067,50.7903789,3.4854202
Bekkevoort,40963,20.46913769010032,50.9439676,4.9744569
Wodecq,38682,32.62880710041361,50.7180457,3.7472647
Soy,34217,40.22852017034898,50.285577,5.5100929
Battice,38255,17.350133779986848,50.6479385,5.8196401
Mont-Sainte-Aldegonde,31479,15.493327802796445,50.4325692,4.228320603366422
Dworp,45534,12.284307467981852,50.7303901,4.2985231
Reppel,35455,56.63829425846131,51.1544084,5.5627079
Sint-Pieters-Rode,49451,10.28217812187655,50.9321326,4.8214061
Vance,45794,105.32618409795398,49.6704824,5.6660138
Zichem,39615,24.593794624321315,51.0063866,4.988349
Couillet,27396,2.7199537374018883,50.3927187,4.4688818
Roesbrugge-Haringe,34695,53.16221524847174,50.9150531,2.6262588
Bever,42106,29.083159218618867,50.7164481,3.943147
Hulste,37874,35.62932017826391,50.8819668,3.2955857
Otrange,38524,16.757803731138544,50.7369259,5.3849825
Lierneux,35511,42.84085100987919,50.2858086,5.7921558
Slins,40046,9.20710542132897,50.7277246,5.5652092
Mazy,41290,14.442471717247747,50.5130443,4.6755791
Ciply,32899,4.010045151859188,50.4192687,3.9438128
Willebringen,49694,12.324134675631948,50.8114319,4.8400618
Torgny,33968,115.0352520720988,49.5085018,5.4735035
Bande,35406,51.31741787612642,50.1665822,5.4154822
Deurle,56975,9.774642398997734,51.0074803,3.6062435
Waillet,36133,38.625894259526326,50.2604537,5.3045605
Wellin,33743,46.229986465881645,50.0822967,5.1146708
Sars-la-Buissière,37602,18.687079304572414,50.3352549,4.209803
Vedrin,35394,3.9807558955691733,50.5019599,4.8742389
Ruiselede,38860,19.34471901556774,51.0630592,3.3787805823544046
Oostham,38968,41.64201042462391,51.104087,5.1769241
Retie,42236,47.93846323034281,51.2675862,5.0843883
Hastière-par-Delà,28778,28.081218712678233,50.2150767,4.8294854
Essen,40249,27.873131958925764,51.4679229,4.4698256
Rebecq-Rognon,38342,25.02531666437155,50.65302365,4.129576968608948
Couthuin,43927,20.224226314363417,50.5330937,5.1322912
Vesqueville,34235,63.62918042515727,50.0058391,5.3968709
Autelbas,46116,112.61906964402831,49.6499559,5.8675666
Tongrinne,40578,17.18061441263127,50.5157258,4.623887
Strépy-Bracquegnies,30289,12.220620136786717,50.474939,4.12173391101142
Buizingen,38908,12.259641426893428,50.7412271,4.2493488
Heffen,39500,19.43107171074273,51.0469132,4.421812
Marchienne-au-Pont,27396,3.570596570102524,50.412317,4.3941506
Terwagne,39297,27.388889433397416,50.4445835,5.3484878
Cuesmes,32899,2.772753505616986,50.4368874,3.9249729
Yernée-Fraineux,46568,18.708571186278736,50.5282409,5.3829522
Lens-Saint-Servais,43150,29.167792357986905,50.6637114,5.16091
Villers-Sainte-Gertrude,32422,31.48853424260853,50.3619168,5.5764092
Meerbeke,38251,20.468599251478345,50.8239947,4.0391883
Neigem,38251,19.374162777227713,50.8029219,4.0598616
Sint-Agatha-Rode,48810,11.308345995456925,50.7868179,4.6338484
Habergy,49742,114.19159976995196,49.6153377,5.7608307
Nieuwrode,49451,12.095741953437368,50.9494124,4.8329514
Hever,49150,17.405482951301746,50.9974238,4.5383593
Vodelée,31331,33.749733954184094,50.1700848,4.7322167
Herne,44177,24.709130758286147,50.7248836,4.0281753
Thy-le-Bauduin,34111,14.134671262760154,50.295004,4.5238025
Fexhe-Slins,40046,8.52710191038167,50.7217678,5.5714112
Petit-Fays,31604,63.59268028531693,49.8978228,4.960495409590934
Limelette,39460,23.209767196507997,50.68409755,4.558898539191582
Saint-Denis,32899,6.8222646968638365,50.49290635,4.027708011615818
Woesten,34858,45.87260801904634,50.9004194,2.7903755
Wadelincourt,34494,23.428486048903054,50.5378214,3.6474295
Viemme,43269,21.529176766464257,50.6482877,5.2683121
Hodeige,40794,17.23262082196726,50.6960127,5.3426579
Hour,33460,36.046961013748344,50.1613066,5.0372408
Lot,45534,9.043959620341774,50.7659519,4.2733784
Sint-Martens-Voeren,37792,20.365801502056208,50.7485092,5.8122585
Meerbeek,48540,8.106593520330133,50.8822337,4.5857181
Grazen,38690,29.866105434572173,50.8726967,5.1267036
Retinne,33859,8.899517527763063,50.6304629,5.6976792
Beaufays,44376,10.608907539049152,50.5590549,5.6385711
Rebaix,36258,25.54323977741292,50.6615539,3.7938665
Bon-Secours,31967,24.83375120734579,50.4976184,3.607483
Waret-l'Évêque,43927,17.38142753400056,50.5564774,5.0672228
Wihogne,40046,10.338025721883119,50.7277451,5.5064112
Warcoing,35312,47.155546728926595,50.7044651,3.344011
Wanne,32816,40.50107781322894,50.3557319,5.9213974
Blaimont,28778,30.598619575777274,50.1920767,4.8348479
Liers,29902,5.910063554283701,50.6981667,5.5690642
Ramillies,41828,19.23144257696508,50.6366892,4.9148994
Yves-Gomezée,37323,19.823426033328264,50.2369772,4.5005925
Vierves-sur-Viroin,29259,39.23704547729835,50.080269,4.634249
Haillot,37407,20.242161613751982,50.4405961,5.1491871
Poulseur,32936,15.1113584707435,50.509234,5.5787582
Vielsalm,32212,46.888375121023095,50.2842154,5.9162783
Saint-Mard,35652,111.82697751211931,49.555757,5.529887
Waulsort,28778,28.909951422721797,50.2065353,4.866847385009471
Natoye,39799,19.483412186085356,50.3431142,5.061339
Glabbeek,44572,17.561026137001324,50.872407,4.9512199
Mortroux,40781,14.66973961869901,50.7129739,5.7521375
Warisoulx,47170,7.583872044118659,50.5345725,4.8588648913104935
Bellem,42072,16.83219410363341,51.0834224,3.4887657
Vivy,30494,67.72435862809652,49.8675973,5.0388784
Reninge,35666,42.14834093282004,50.9476272,2.7891362
Remicourt,40794,18.25986365708411,50.678492,5.319969
Limerlé,33485,59.684534386851034,50.156952,5.9238041
Sirault,34003,12.868084539538229,50.5054072,3.7882895
Langdorp,40395,17.823942549906043,51.0024869,4.8637488
Ville-en-Hesbaye,40577,24.36248020612417,50.6184127,5.1146644
Heer,28778,33.983706390086255,50.161698,4.831747
Villerot,34003,11.957119822009691,50.4861629,3.7902777
Sint-Joris-Weert,58045,9.396000420615394,50.8006875,4.6517014
Limont,43613,16.316756446382957,50.5077401,5.492298
Vlimmeren,42116,27.98103788341675,51.2988018,4.7821797
Humbeek,44281,11.100389436384953,50.9673676,4.3794122
Oteppe,44309,22.491527212993716,50.5823876,5.1269874
Hamoir,33841,24.599489405047393,50.4254063,5.5326084
Straimont,34488,83.08845499715953,49.7961667,5.3811714
Hermalle-sous-Argenteau,34098,10.490787474602211,50.7106536,5.6806787
Dison,27938,20.180850126158663,50.611374,5.854735
Dampremy,27396,1.3403115582187675,50.4176817,4.428175042784941
Montignies-sur-Sambre,27396,1.6031736911031744,50.410916,4.467124816014162
Sainte-Cécile,32287,86.30342365975399,49.7290971,5.2435618
Stembert,29893,23.418402617722197,50.593109,5.8952801
Baal,44199,13.434761772274124,50.9956319,4.7523911
Ohey,37407,18.55743435263825,50.4359066,5.1238439
Oud-Heverlee,58045,5.345662718925909,50.8376275,4.6629253
Quévy-le-Petit,37888,9.723573348391993,50.367996,3.93752
Kortenberg,48540,9.672117373913252,50.8953581,4.565683393303372
Pondrôme,32245,42.082488928137394,50.0991378,5.0083667
Roux-Miroir,44113,19.157317051402444,50.7130287,4.773127868519964
Voroux-lez-Liers,40046,4.958741457934453,50.6876208,5.5524311
Trembleur,38625,12.151870314009239,50.6954792,5.7266237
Opoeteren,37080,47.473062682750644,51.0689429,5.6547965
La Roche-en-Ardenne,32179,53.9140207187351,50.1602833,5.562759403213439
Meer,38493,34.460903954018534,51.4471565,4.7390521
Maulde,33809,32.921106458172304,50.6119835,3.5570806163667203
Sart-Bernard,41859,8.897311554966564,50.406494,4.9492425
Veldwezelt,37765,24.865521273840592,50.8656032,5.6323789
Otegem,40149,34.574914163424296,50.8085335,3.4218217
Basse-Bodeux,32816,36.60501124312627,50.3579736,5.826789
Moen,40149,39.154927278571385,50.7685806,3.3975585
Verlaine,44657,18.478099290641968,50.6075114,5.3184439
Sint-Rijkers,35162,44.50649518730862,50.9945231,2.6881434
Loncin,32537,5.47191355255289,50.665153,5.502732
Hognoul,37946,9.214871548882352,50.6808099,5.4556394
Wayaux,40626,8.89462353794667,50.4896309,4.4723314
Weillen,35174,23.180788430206007,50.2599138,4.8226877
Ollignies,33759,26.653700533741148,50.6874157,3.8598773
Lomprez,33743,46.27307175778386,50.0762474,5.092143
Petit-Rœulx-lez-Nivelles,39767,18.650827737525713,50.558746,4.31792948663984
Veerle,39347,29.060355598259253,51.0690138,4.986472
Blanden,58045,5.834622993994383,50.8278376,4.7181551
Sint-Margriete-Houtem,41916,18.774021607406294,50.8283034,4.956171
Wibrin,34264,54.20198223907404,50.1661182,5.7156009
Dessel,37808,49.284653107111765,51.2390765,5.1128221
Spy,36220,12.230891518197463,50.48321905,4.695355517403303
Argenteau,35147,9.856459593833527,50.698241,5.6855483
Magnée,33859,8.918170935898598,50.6028765,5.6811009
Lendelede,38556,35.93372448733206,50.8854048,3.231192190932623
Haut-Ittre,42679,21.288180991314334,50.6488039,4.296471951359066
Wihéries,30071,16.111658941076076,50.3855184,3.7523613
Theux,38802,21.438726891277142,50.5358359,5.8238359
Tillet,33975,69.32894470571783,50.0097939,5.5297763
Havré,32899,6.696599899616082,50.4643472,4.0454003
Petit-Thier,32212,46.71359573711517,50.3081766,5.9679438
Sint-Katherina-Lombeek,43623,12.912184665220803,50.8726659,4.1535568
Vellereille-les-Brayeux,36996,16.425269372283616,50.3790081,4.1507915
Olne,44471,13.73810509854971,50.5901199,5.7479948
Anthisnes,40822,18.527617594672062,50.481662,5.5225261
Tavier,40822,18.10280615764137,50.4960009,5.4706564
Verlée,35600,31.288761879122802,50.3675402,5.2795649
Villers-la-Loue,37690,108.48357652726484,49.5745145,5.4812201
Villers-Deux-Eglises,34306,24.811319707600735,50.1898113,4.4824911
Outrijve,37258,39.05902263957021,50.7559221,3.4298713
Lisogne,30917,21.896156443170465,50.2814293,4.9715412
Wagnelée,32402,13.662621751910713,50.52262195,4.527311020008623
Sorinnes,30917,24.395972489757092,50.2597292,4.98106
Manderfeld,36066,64.4916376947899,50.3310938,6.3400555
Juseret,38568,81.32461913988817,49.8805074,5.549439
Sint-Maria-Horebeke,44819,24.104389347916214,50.8383442,3.6875097
Sivry,33508,33.008499259455746,50.1678978,4.1792797
Montignies-lez-Lens,38286,12.174254707349219,50.5643065,3.9433795
Lodelinsart,27396,2.7846371685594935,50.433116,4.464702
Luttre,40157,11.361735721656764,50.5062363,4.3839192
Tongre-Saint-Martin,37203,18.61331574043097,50.5869104,3.7899573
Roux,27396,5.011441526816215,50.4429929,4.3937321
Deux-Acren,33759,31.463072160081797,50.7307336,3.8522036
Porcheresse,32453,30.13345374906633,50.3384304,5.2408578
Stavelot,34844,37.637675341974486,50.3942409,5.9310335
Herseaux,31017,50.419198140968646,50.722638,3.2340757
Slijpe,34983,27.100322424907375,51.1543955,2.8476959
Welkenraedt,35554,28.230184914464086,50.6607788,5.9732784
Péruwelz,31967,28.814816359485455,50.53332105,3.5636806619041077
Trazegnies,31532,10.053610698693694,50.4665295,4.3317415
Gouy-lez-Piéton,31532,12.680458323896968,50.4967574,4.3253593
Rijkevorsel,37985,28.79674465999879,51.3503707,4.758514
Mellet,40626,10.527955776914625,50.504123,4.4762608
Ville-Pommeroeul,33277,16.19712017530739,50.4649192,3.7236841
Opont,33605,61.78960132685745,49.9351026,5.1199106
Rièzes,30713,50.41967354366121,49.960822,4.368311
Ophain-Bois-Seigneur-Isaac,43475,19.302330910550825,50.6658971,4.3480069
Baulers,39782,23.656932210705055,50.6172472,4.358648257037174
Weelde,37195,45.983113204358375,51.4071394,4.9905925
Hérinnes-lez-Pecq,35312,46.77253501331872,50.7008798,3.3623581
Thys,40124,15.574533687153199,50.7225262,5.3894005
Wanlin,33460,36.87727916003818,50.1592006,5.0613886
Tinlot,41204,23.148391706565306,50.4777419,5.3786954
Onhaye,35174,24.857339488487558,50.2435657,4.840864
Tellin,35749,49.583448718544766,50.081019,5.216837
Waudrez,32170,15.142192796392411,50.4024989,4.149226843835468
Momignies,29587,47.69738410303602,50.0087898,4.2142084834115705
Sorée,41779,19.573147405630174,50.3970778,5.1201085
Vremde,45893,9.964199504695952,51.1753099,4.5226229
Zichen-Zussen-Bolder,37996,16.943098242758715,50.7946558,5.6196314
Poppel,37195,51.284100948919146,51.4476125,5.0427588
Lacuisine,32287,89.36425341721218,49.7170106,5.318262
Agimont,28778,34.001816944686375,50.16421,4.7942801
Les Bulles,35583,93.82566632942014,49.7031011,5.4263273
Pepingen,46808,14.956462520548016,50.7598483,4.1576993
Gages,37250,17.424119309243,50.6068018,3.8910777
Borchtlombeek,45352,13.557861230497371,50.8486371,4.1371467
Kerksken,42081,24.24106129094404,50.8894722,3.9935955
Macon,29587,43.325839293528965,50.052122,4.2096331
Loupoigne,44783,20.179134892662592,50.5929226,4.431964495911592
Cherain,33485,55.606900834518214,50.1806741,5.8646609
Beert,46808,15.360300182116958,50.7387821,4.1794293
Tintange,41417,86.16256651857724,49.878638,5.7518438
Bouwel,41814,24.92142599448125,51.1656586,4.7462187
Meerhout,39151,38.483027276858444,51.1317433,5.0772388
Roisin,36870,22.771029558426207,50.333082,3.6938101
Wiers,31967,30.13484711103427,50.5084748,3.5344465
Vergnies,31386,25.649980999756686,50.198614,4.3059105
Binkom,50956,12.852500934878645,50.8721329,4.8840011
Vlissegem,39082,12.946836855166449,51.2544337,3.0558729
Nimy,32899,2.340181880268455,50.4759358,3.9545894
Villers-Saint-Amand,36258,25.08283163588165,50.63222945,3.7324512355622734
Dottignies,31017,46.804547709033535,50.7273981,3.3037301
Stambruges,34494,17.51805392159708,50.5086579,3.7192008
Zillebeke,36057,46.71068083885435,50.8346385,2.9224029
Taintignies,33602,44.47575136888135,50.549906,3.3410768
Thuin,37040,14.504992637694448,50.32189905,4.296083730719883
Zonhoven,40419,41.08973649415928,50.9909835,5.3677683
Vieux-Genappe,44783,23.900153313997443,50.62902485,4.401503098161191
Meslin-l'Évêque,36258,23.012791761403083,50.6498402,3.842321463890735
Zoutleeuw,39570,28.67311623862079,50.8331973,5.1030991
Gozée,37040,10.959466655986253,50.3331954,4.3509345
Halleux,32179,52.88137177732868,50.1717133,5.5020384
Ghoy,33759,32.020653362977384,50.7283427,3.8094385
Rumillies,33809,41.17691106022925,50.62803125000001,3.436820037315397
Vinderhoute,41710,6.956617026351314,51.0876396,3.6412401
Chanly,33743,47.79515981419336,50.0786533,5.1559991
Velm,36466,32.2738916509505,50.7790412,5.1324556
Saint-Denis-Bovesse,47170,9.233691372322125,50.5213628,4.7681615
Tongerlo,36220,54.000587596441534,51.1276446,5.6602965
Wannebecq,33759,28.677269480743924,50.6940794,3.7998354
Wasseiges,38409,19.847879043316304,50.6210088,5.006907
Vezon,33809,33.97869532763341,50.5742732,3.509546191113894
Péronnes-lez-Antoing,31392,36.8420025044044,50.551862,3.4538057
Rosoux-Crenwick,41774,29.001379597034344,50.6973986,5.1704397
Mourcourt,33809,42.13216829762333,50.65386885,3.4443678590843554
Leffinge,34983,24.61758742827296,51.1746761,2.8776766
